,gender,race_ethnicity,parental_level_of_education,lunch,test_preparation_course,math_score,reading_score,writing_score,total_marks,average_marks
0,female,group B,bachelor's degree,standard,none,72,72,74,218,72.66666666666667
1,female,group C,some college,standard,completed,69,90,88,247,82.33333333333333
2,female,group B,master's degree,standard,none,90,95,93,278,92.66666666666667
3,male,group A,associate's degree,free/reduced,none,47,57,44,148,49.333333333333336
4,male,group C,some college,standard,none,76,78,75,229,76.33333333333333
5,female,group B,associate's degree,standard,none,71,83,78,232,77.33333333333333
6,female,group B,some college,standard,completed,88,95,92,275,91.66666666666667
7,male,group B,some college,free/reduced,none,40,43,39,122,40.666666666666664
8,male,group D,high school,free/reduced,completed,64,64,67,195,65.0
9,female,group B,high school,free/reduced,none,38,60,50,148,49.333333333333336
10,male,group C,associate's degree,standard,none,58,54,52,164,54.666666666666664
11,male,group D,associate's degree,standard,none,40,52,43,135,45.0
12,female,group B,high school,standard,none,65,81,73,219,73.0
13,male,group A,some college,standard,completed,78,72,70,220,73.33333333333333
14,female,group A,master's degree,standard,none,50,53,58,161,53.666666666666664
15,female,group C,some high school,standard,none,69,75,78,222,74.0
16,male,group C,high school,standard,none,88,89,86,263,87.66666666666667
17,female,group B,some high school,free/reduced,none,18,32,28,78,26.0
18,male,group C,master's degree,free/reduced,completed,46,42,46,134,44.666666666666664
19,female,group C,associate's degree,free/reduced,none,54,58,61,173,57.666666666666664
20,male,group D,high school,standard,none,66,69,63,198,66.0
21,female,group B,some college,free/reduced,completed,65,75,70,210,70.0
22,male,group D,some college,standard,none,44,54,53,151,50.333333333333336
23,female,group C,some high school,standard,none,69,73,73,215,71.66666666666667
24,male,group D,bachelor's degree,free/reduced,completed,74,71,80,225,75.0
25,male,group A,master's degree,free/reduced,none,73,74,72,219,73.0
26,male,group B,some college,standard,none,69,54,55,178,59.333333333333336
27,female,group C,bachelor's degree,standard,none,67,69,75,211,70.33333333333333
28,male,group C,high school,standard,none,70,70,65,205,68.33333333333333
29,female,group D,master's degree,standard,none,62,70,75,207,69.0
30,female,group D,some college,standard,none,69,74,74,217,72.33333333333333
31,female,group B,some college,standard,none,63,65,61,189,63.0
32,female,group E,master's degree,free/reduced,none,56,72,65,193,64.33333333333333
33,male,group D,some college,standard,none,40,42,38,120,40.0
34,male,group E,some college,standard,none,97,87,82,266,88.66666666666667
35,male,group E,associate's degree,standard,completed,81,81,79,241,80.33333333333333
36,female,group D,associate's degree,standard,none,74,81,83,238,79.33333333333333
37,female,group D,some high school,free/reduced,none,50,64,59,173,57.666666666666664
38,female,group D,associate's degree,free/reduced,completed,75,90,88,253,84.33333333333333
39,male,group B,associate's degree,free/reduced,none,57,56,57,170,56.666666666666664
40,male,group C,associate's degree,free/reduced,none,55,61,54,170,56.666666666666664
41,female,group C,associate's degree,standard,none,58,73,68,199,66.33333333333333
42,female,group B,associate's degree,standard,none,53,58,65,176,58.666666666666664
43,male,group B,some college,free/reduced,completed,59,65,66,190,63.333333333333336
44,female,group E,associate's degree,free/reduced,none,50,56,54,160,53.333333333333336
45,male,group B,associate's degree,standard,none,65,54,57,176,58.666666666666664
46,female,group A,associate's degree,standard,completed,55,65,62,182,60.666666666666664
47,female,group C,high school,standard,none,66,71,76,213,71.0
48,female,group D,associate's degree,free/reduced,completed,57,74,76,207,69.0
49,male,group C,high school,standard,completed,82,84,82,248,82.66666666666667
50,male,group E,some college,standard,none,53,55,48,156,52.0
51,male,group E,associate's degree,free/reduced,completed,77,69,68,214,71.33333333333333
52,male,group C,some college,standard,none,53,44,42,139,46.333333333333336
53,male,group D,high school,standard,none,88,78,75,241,80.33333333333333
54,female,group C,some high school,free/reduced,completed,71,84,87,242,80.66666666666667
55,female,group C,high school,free/reduced,none,33,41,43,117,39.0
56,female,group E,associate's degree,standard,completed,82,85,86,253,84.33333333333333
57,male,group D,associate's degree,standard,none,52,55,49,156,52.0
58,male,group D,some college,standard,completed,58,59,58,175,58.333333333333336
59,female,group C,some high school,free/reduced,none,0,17,10,27,9.0
60,male,group E,bachelor's degree,free/reduced,completed,79,74,72,225,75.0
61,male,group A,some high school,free/reduced,none,39,39,34,112,37.333333333333336
62,male,group A,associate's degree,free/reduced,none,62,61,55,178,59.333333333333336
63,female,group C,associate's degree,standard,none,69,80,71,220,73.33333333333333
64,female,group D,some high school,standard,none,59,58,59,176,58.666666666666664
65,male,group B,some high school,standard,none,67,64,61,192,64.0
66,male,group D,some high school,free/reduced,none,45,37,37,119,39.666666666666664
67,female,group C,some college,standard,none,60,72,74,206,68.66666666666667
68,male,group B,associate's degree,free/reduced,none,61,58,56,175,58.333333333333336
69,female,group C,associate's degree,standard,none,39,64,57,160,53.333333333333336
70,female,group D,some college,free/reduced,completed,58,63,73,194,64.66666666666667
71,male,group D,some college,standard,completed,63,55,63,181,60.333333333333336
72,female,group A,associate's degree,free/reduced,none,41,51,48,140,46.666666666666664
73,male,group C,some high school,free/reduced,none,61,57,56,174,58.0
74,male,group C,some high school,standard,none,49,49,41,139,46.333333333333336
75,male,group B,associate's degree,free/reduced,none,44,41,38,123,41.0
76,male,group E,some high school,standard,none,30,26,22,78,26.0
77,male,group A,bachelor's degree,standard,completed,80,78,81,239,79.66666666666667
78,female,group D,some high school,standard,completed,61,74,72,207,69.0
79,female,group E,master's degree,standard,none,62,68,68,198,66.0
80,female,group B,associate's degree,standard,none,47,49,50,146,48.666666666666664
81,male,group B,high school,free/reduced,none,49,45,45,139,46.333333333333336
82,male,group A,some college,free/reduced,completed,50,47,54,151,50.333333333333336
83,male,group E,associate's degree,standard,none,72,64,63,199,66.33333333333333
84,male,group D,high school,free/reduced,none,42,39,34,115,38.333333333333336
85,female,group C,some college,standard,none,73,80,82,235,78.33333333333333
86,female,group C,some college,free/reduced,none,76,83,88,247,82.33333333333333
87,female,group D,associate's degree,standard,none,71,71,74,216,72.0
88,female,group A,some college,standard,none,58,70,67,195,65.0
89,female,group D,some high school,standard,none,73,86,82,241,80.33333333333333
90,female,group C,bachelor's degree,standard,none,65,72,74,211,70.33333333333333
91,male,group C,high school,free/reduced,none,27,34,36,97,32.333333333333336
92,male,group C,high school,standard,none,71,79,71,221,73.66666666666667
93,male,group C,associate's degree,free/reduced,completed,43,45,50,138,46.0
94,female,group B,some college,standard,none,79,86,92,257,85.66666666666667
95,male,group C,associate's degree,free/reduced,completed,78,81,82,241,80.33333333333333
96,male,group B,some high school,standard,completed,65,66,62,193,64.33333333333333
97,female,group E,some college,standard,completed,63,72,70,205,68.33333333333333
98,female,group D,some college,free/reduced,none,58,67,62,187,62.333333333333336
99,female,group D,bachelor's degree,standard,none,65,67,62,194,64.66666666666667
100,male,group B,some college,standard,none,79,67,67,213,71.0
101,male,group D,bachelor's degree,standard,completed,68,74,74,216,72.0
102,female,group D,associate's degree,standard,none,85,91,89,265,88.33333333333333
103,male,group B,high school,standard,completed,60,44,47,151,50.333333333333336
104,male,group C,some college,standard,completed,98,86,90,274,91.33333333333333
105,female,group C,some college,standard,none,58,67,72,197,65.66666666666667
106,female,group D,master's degree,standard,none,87,100,100,287,95.66666666666667
107,male,group E,associate's degree,standard,completed,66,63,64,193,64.33333333333333
108,female,group B,associate's degree,free/reduced,none,52,76,70,198,66.0
109,female,group B,some high school,standard,none,70,64,72,206,68.66666666666667
110,female,group D,associate's degree,free/reduced,completed,77,89,98,264,88.0
111,male,group C,high school,standard,none,62,55,49,166,55.333333333333336
112,male,group A,associate's degree,standard,none,54,53,47,154,51.333333333333336
113,female,group D,some college,standard,none,51,58,54,163,54.333333333333336
114,female,group E,bachelor's degree,standard,completed,99,100,100,299,99.66666666666667
115,male,group C,high school,standard,none,84,77,74,235,78.33333333333333
116,female,group B,bachelor's degree,free/reduced,none,75,85,82,242,80.66666666666667
117,female,group D,bachelor's degree,standard,none,78,82,79,239,79.66666666666667
118,female,group D,some high school,standard,none,51,63,61,175,58.333333333333336
119,female,group C,some college,standard,none,55,69,65,189,63.0
120,female,group C,bachelor's degree,standard,completed,79,92,89,260,86.66666666666667
121,male,group B,associate's degree,standard,completed,91,89,92,272,90.66666666666667
122,female,group C,some college,standard,completed,88,93,93,274,91.33333333333333
123,male,group D,high school,free/reduced,none,63,57,56,176,58.666666666666664
124,male,group E,some college,standard,none,83,80,73,236,78.66666666666667
125,female,group B,high school,standard,none,87,95,86,268,89.33333333333333
126,male,group B,some high school,standard,none,72,68,67,207,69.0
127,male,group D,some college,standard,completed,65,77,74,216,72.0
128,male,group D,master's degree,standard,none,82,82,74,238,79.33333333333333
129,female,group A,bachelor's degree,standard,none,51,49,51,151,50.333333333333336
130,male,group D,master's degree,standard,none,89,84,82,255,85.0
131,male,group C,some high school,free/reduced,completed,53,37,40,130,43.333333333333336
132,male,group E,some college,free/reduced,completed,87,74,70,231,77.0
133,female,group C,some college,standard,completed,75,81,84,240,80.0
134,male,group D,bachelor's degree,free/reduced,completed,74,79,75,228,76.0
135,male,group C,bachelor's degree,standard,none,58,55,48,161,53.666666666666664
136,male,group B,some high school,standard,completed,51,54,41,146,48.666666666666664
137,male,group E,high school,standard,none,70,55,56,181,60.333333333333336
138,female,group C,associate's degree,standard,none,59,66,67,192,64.0
139,male,group D,some college,standard,completed,71,61,69,201,67.0
140,female,group D,some high school,standard,none,76,72,71,219,73.0
141,female,group C,some college,free/reduced,none,59,62,64,185,61.666666666666664
142,female,group E,some college,free/reduced,completed,42,55,54,151,50.333333333333336
143,male,group A,high school,standard,none,57,43,47,147,49.0
144,male,group D,some college,standard,none,88,73,78,239,79.66666666666667
145,female,group C,some college,free/reduced,none,22,39,33,94,31.333333333333332
146,male,group B,some high school,standard,none,88,84,75,247,82.33333333333333
147,male,group C,associate's degree,free/reduced,none,73,68,66,207,69.0
148,female,group D,bachelor's degree,standard,completed,68,75,81,224,74.66666666666667
149,male,group E,associate's degree,free/reduced,completed,100,100,93,293,97.66666666666667
150,male,group A,some high school,standard,completed,62,67,69,198,66.0
151,male,group A,bachelor's degree,standard,none,77,67,68,212,70.66666666666667
152,female,group B,associate's degree,standard,completed,59,70,66,195,65.0
153,male,group D,bachelor's degree,standard,none,54,49,47,150,50.0
154,male,group D,some high school,standard,none,62,67,61,190,63.333333333333336
155,female,group C,some college,standard,completed,70,89,88,247,82.33333333333333
156,female,group E,high school,free/reduced,completed,66,74,78,218,72.66666666666667
157,male,group B,some college,free/reduced,none,60,60,60,180,60.0
158,female,group B,associate's degree,standard,completed,61,86,87,234,78.0
159,male,group D,associate's degree,free/reduced,none,66,62,64,192,64.0
160,male,group B,associate's degree,free/reduced,completed,82,78,74,234,78.0
161,female,group E,some college,free/reduced,completed,75,88,85,248,82.66666666666667
162,male,group B,master's degree,free/reduced,none,49,53,52,154,51.333333333333336
163,male,group C,high school,standard,none,52,53,49,154,51.333333333333336
164,female,group E,master's degree,standard,none,81,92,91,264,88.0
165,female,group C,bachelor's degree,standard,completed,96,100,100,296,98.66666666666667
166,male,group C,high school,free/reduced,completed,53,51,51,155,51.666666666666664
167,female,group B,master's degree,free/reduced,completed,58,76,78,212,70.66666666666667
168,female,group B,high school,standard,completed,68,83,78,229,76.33333333333333
169,female,group C,some college,free/reduced,completed,67,75,70,212,70.66666666666667
170,male,group A,high school,standard,completed,72,73,74,219,73.0
171,male,group E,some high school,standard,none,94,88,78,260,86.66666666666667
172,female,group D,some college,standard,none,79,86,81,246,82.0
173,female,group C,associate's degree,standard,none,63,67,70,200,66.66666666666667
174,female,group C,bachelor's degree,free/reduced,completed,43,51,54,148,49.333333333333336
175,female,group C,master's degree,standard,completed,81,91,87,259,86.33333333333333
176,female,group B,high school,free/reduced,completed,46,54,58,158,52.666666666666664
177,female,group C,associate's degree,standard,completed,71,77,77,225,75.0
178,female,group B,master's degree,free/reduced,completed,52,70,62,184,61.333333333333336
179,female,group D,some high school,standard,completed,97,100,100,297,99.0
180,male,group C,master's degree,free/reduced,completed,62,68,75,205,68.33333333333333
181,female,group C,some college,free/reduced,none,46,64,66,176,58.666666666666664
182,female,group E,high school,standard,none,50,50,47,147,49.0
183,female,group D,associate's degree,standard,none,65,69,70,204,68.0
184,male,group C,some high school,free/reduced,completed,45,52,49,146,48.666666666666664
185,male,group C,associate's degree,free/reduced,completed,65,67,65,197,65.66666666666667
186,male,group E,high school,standard,none,80,76,65,221,73.66666666666667
187,male,group D,some high school,standard,completed,62,66,68,196,65.33333333333333
188,male,group B,some high school,free/reduced,none,48,52,45,145,48.333333333333336
189,female,group C,bachelor's degree,standard,none,77,88,87,252,84.0
190,female,group E,associate's degree,standard,none,66,65,69,200,66.66666666666667
191,male,group D,some college,standard,completed,76,83,79,238,79.33333333333333
192,female,group B,some high school,standard,none,62,64,66,192,64.0
193,male,group D,some college,standard,completed,77,62,62,201,67.0
194,female,group C,master's degree,standard,completed,69,84,85,238,79.33333333333333
195,male,group D,associate's degree,standard,none,61,55,52,168,56.0
196,male,group C,some high school,free/reduced,completed,59,69,65,193,64.33333333333333
197,male,group E,high school,free/reduced,none,55,56,51,162,54.0
198,female,group B,some college,free/reduced,none,45,53,55,153,51.0
199,female,group B,bachelor's degree,free/reduced,none,78,79,76,233,77.66666666666667
200,female,group C,associate's degree,standard,completed,67,84,86,237,79.0
201,female,group D,some college,free/reduced,none,65,81,77,223,74.33333333333333
202,male,group C,associate's degree,standard,none,69,77,69,215,71.66666666666667
203,female,group B,associate's degree,standard,none,57,69,68,194,64.66666666666667
204,male,group C,some college,standard,none,59,41,42,142,47.333333333333336
205,male,group D,some high school,standard,completed,74,71,78,223,74.33333333333333
206,male,group E,bachelor's degree,standard,none,82,62,62,206,68.66666666666667
207,male,group E,high school,standard,completed,81,80,76,237,79.0
208,female,group B,some college,free/reduced,none,74,81,76,231,77.0
209,female,group B,some college,free/reduced,none,58,61,66,185,61.666666666666664
210,male,group D,some high school,free/reduced,completed,80,79,79,238,79.33333333333333
211,male,group C,some college,free/reduced,none,35,28,27,90,30.0
212,female,group C,high school,free/reduced,none,42,62,60,164,54.666666666666664
213,male,group C,associate's degree,free/reduced,completed,60,51,56,167,55.666666666666664
214,male,group E,high school,standard,completed,87,91,81,259,86.33333333333333
215,male,group B,some high school,standard,completed,84,83,75,242,80.66666666666667
216,female,group E,associate's degree,free/reduced,completed,83,86,88,257,85.66666666666667
217,female,group C,high school,free/reduced,none,34,42,39,115,38.333333333333336
218,male,group B,high school,free/reduced,none,66,77,70,213,71.0
219,male,group B,some high school,standard,completed,61,56,56,173,57.666666666666664
220,female,group D,high school,standard,completed,56,68,74,198,66.0
221,male,group B,associate's degree,standard,none,87,85,73,245,81.66666666666667
222,female,group C,some high school,free/reduced,none,55,65,62,182,60.666666666666664
223,male,group D,some high school,standard,none,86,80,75,241,80.33333333333333
224,female,group B,associate's degree,standard,completed,52,66,73,191,63.666666666666664
225,female,group E,master's degree,free/reduced,none,45,56,54,155,51.666666666666664
226,female,group C,some college,standard,none,72,72,71,215,71.66666666666667
227,male,group D,high school,standard,none,57,50,54,161,53.666666666666664
228,male,group A,some high school,free/reduced,none,68,72,64,204,68.0
229,female,group C,some college,standard,completed,88,95,94,277,92.33333333333333
230,male,group D,some college,standard,none,76,64,66,206,68.66666666666667
231,male,group C,associate's degree,standard,none,46,43,42,131,43.666666666666664
232,female,group B,bachelor's degree,standard,none,67,86,83,236,78.66666666666667
233,male,group E,some high school,standard,none,92,87,78,257,85.66666666666667
234,male,group C,bachelor's degree,standard,completed,83,82,84,249,83.0
235,male,group D,associate's degree,standard,none,80,75,77,232,77.33333333333333
236,male,group D,bachelor's degree,free/reduced,none,63,66,67,196,65.33333333333333
237,female,group D,some high school,standard,completed,64,60,74,198,66.0
238,male,group B,some college,standard,none,54,52,51,157,52.333333333333336
239,male,group C,associate's degree,standard,none,84,80,80,244,81.33333333333333
240,male,group D,high school,free/reduced,completed,73,68,66,207,69.0
241,female,group E,bachelor's degree,standard,none,80,83,83,246,82.0
242,female,group D,high school,standard,none,56,52,55,163,54.333333333333336
243,male,group E,some college,standard,none,59,51,43,153,51.0
244,male,group D,some high school,standard,none,75,74,69,218,72.66666666666667
245,male,group C,associate's degree,standard,none,85,76,71,232,77.33333333333333
246,male,group E,associate's degree,standard,none,89,76,74,239,79.66666666666667
247,female,group B,high school,standard,completed,58,70,68,196,65.33333333333333
248,female,group B,high school,standard,none,65,64,62,191,63.666666666666664
249,male,group C,high school,standard,none,68,60,53,181,60.333333333333336
250,male,group A,some high school,standard,completed,47,49,49,145,48.333333333333336
251,female,group D,some college,free/reduced,none,71,83,83,237,79.0
252,female,group B,some high school,standard,completed,60,70,70,200,66.66666666666667
253,male,group D,master's degree,standard,none,80,80,72,232,77.33333333333333
254,male,group D,high school,standard,none,54,52,52,158,52.666666666666664
255,female,group E,some college,standard,none,62,73,70,205,68.33333333333333
256,female,group C,associate's degree,free/reduced,none,64,73,68,205,68.33333333333333
257,male,group C,associate's degree,standard,completed,78,77,77,232,77.33333333333333
258,female,group B,some college,standard,none,70,75,78,223,74.33333333333333
259,female,group C,master's degree,free/reduced,completed,65,81,81,227,75.66666666666667
260,female,group C,some high school,free/reduced,completed,64,79,77,220,73.33333333333333
261,male,group C,some college,standard,completed,79,79,78,236,78.66666666666667
262,female,group C,some high school,free/reduced,none,44,50,51,145,48.333333333333336
263,female,group E,high school,standard,none,99,93,90,282,94.0
264,male,group D,high school,standard,none,76,73,68,217,72.33333333333333
265,male,group D,some high school,free/reduced,none,59,42,41,142,47.333333333333336
266,female,group C,bachelor's degree,standard,none,63,75,81,219,73.0
267,female,group D,high school,standard,none,69,72,77,218,72.66666666666667
268,female,group D,associate's degree,standard,completed,88,92,95,275,91.66666666666667
269,female,group E,some college,free/reduced,none,71,76,70,217,72.33333333333333
270,male,group C,bachelor's degree,standard,none,69,63,61,193,64.33333333333333
271,male,group C,some college,standard,none,58,49,42,149,49.666666666666664
272,female,group D,associate's degree,free/reduced,none,47,53,58,158,52.666666666666664
273,female,group D,some college,standard,none,65,70,71,206,68.66666666666667
274,male,group B,some college,standard,completed,88,85,76,249,83.0
275,male,group C,bachelor's degree,standard,none,83,78,73,234,78.0
276,female,group C,some high school,standard,completed,85,92,93,270,90.0
277,female,group E,high school,standard,completed,59,63,75,197,65.66666666666667
278,female,group C,some high school,free/reduced,none,65,86,80,231,77.0
279,male,group B,bachelor's degree,free/reduced,none,73,56,57,186,62.0
280,male,group D,high school,standard,none,53,52,42,147,49.0
281,male,group D,high school,standard,none,45,48,46,139,46.333333333333336
282,female,group D,bachelor's degree,free/reduced,none,73,79,84,236,78.66666666666667
283,female,group D,some college,free/reduced,completed,70,78,78,226,75.33333333333333
284,female,group B,some high school,standard,none,37,46,46,129,43.0
285,male,group B,associate's degree,standard,completed,81,82,82,245,81.66666666666667
286,male,group E,associate's degree,standard,completed,97,82,88,267,89.0
287,female,group B,some high school,standard,none,67,89,82,238,79.33333333333333
288,male,group B,bachelor's degree,free/reduced,none,88,75,76,239,79.66666666666667
289,male,group E,some high school,standard,completed,77,76,77,230,76.66666666666667
290,male,group C,associate's degree,standard,none,76,70,68,214,71.33333333333333
291,male,group D,some high school,standard,none,86,73,70,229,76.33333333333333
292,male,group C,some high school,standard,completed,63,60,57,180,60.0
293,female,group E,bachelor's degree,standard,none,65,73,75,213,71.0
294,male,group D,high school,free/reduced,completed,78,77,80,235,78.33333333333333
295,male,group B,associate's degree,free/reduced,none,67,62,60,189,63.0
296,male,group A,some high school,standard,completed,46,41,43,130,43.333333333333336
297,male,group E,associate's degree,standard,completed,71,74,68,213,71.0
298,male,group C,high school,free/reduced,completed,40,46,50,136,45.333333333333336
299,male,group D,associate's degree,free/reduced,none,90,87,75,252,84.0
300,male,group A,some college,free/reduced,completed,81,78,81,240,80.0
301,male,group D,some high school,free/reduced,none,56,54,52,162,54.0
302,female,group C,associate's degree,standard,completed,67,84,81,232,77.33333333333333
303,male,group B,associate's degree,standard,none,80,76,64,220,73.33333333333333
304,female,group C,associate's degree,standard,completed,74,75,83,232,77.33333333333333
305,male,group A,some college,standard,none,69,67,69,205,68.33333333333333
306,male,group E,some college,standard,completed,99,87,81,267,89.0
307,male,group C,some high school,standard,none,51,52,44,147,49.0
308,female,group B,associate's degree,free/reduced,none,53,71,67,191,63.666666666666664
309,female,group D,high school,free/reduced,none,49,57,52,158,52.666666666666664
310,female,group B,associate's degree,standard,none,73,76,80,229,76.33333333333333
311,male,group B,bachelor's degree,standard,none,66,60,57,183,61.0
312,male,group D,bachelor's degree,standard,completed,67,61,68,196,65.33333333333333
313,female,group C,associate's degree,free/reduced,completed,68,67,69,204,68.0
314,female,group C,bachelor's degree,standard,completed,59,64,75,198,66.0
315,male,group C,high school,standard,none,71,66,65,202,67.33333333333333
316,female,group D,master's degree,standard,completed,77,82,91,250,83.33333333333333
317,male,group C,associate's degree,standard,none,83,72,78,233,77.66666666666667
318,male,group B,bachelor's degree,standard,none,63,71,69,203,67.66666666666667
319,female,group D,associate's degree,free/reduced,none,56,65,63,184,61.333333333333336
320,female,group C,high school,free/reduced,completed,67,79,84,230,76.66666666666667
321,female,group E,high school,standard,none,75,86,79,240,80.0
322,female,group C,some college,standard,none,71,81,80,232,77.33333333333333
323,female,group C,some high school,free/reduced,none,43,53,53,149,49.666666666666664
324,female,group C,high school,free/reduced,none,41,46,43,130,43.333333333333336
325,female,group C,some college,standard,none,82,90,94,266,88.66666666666667
326,male,group C,some college,standard,none,61,61,62,184,61.333333333333336
327,male,group A,some college,free/reduced,none,28,23,19,70,23.333333333333332
328,male,group C,associate's degree,standard,completed,82,75,77,234,78.0
329,female,group B,some high school,standard,none,41,55,51,147,49.0
330,male,group C,high school,standard,none,71,60,61,192,64.0
331,male,group C,associate's degree,standard,none,47,37,35,119,39.666666666666664
332,male,group E,associate's degree,standard,completed,62,56,53,171,57.0
333,male,group B,associate's degree,standard,none,90,78,81,249,83.0
334,female,group C,bachelor's degree,standard,none,83,93,95,271,90.33333333333333
335,female,group B,some college,free/reduced,none,61,68,66,195,65.0
336,male,group D,some high school,standard,completed,76,70,69,215,71.66666666666667
337,male,group C,associate's degree,standard,none,49,51,43,143,47.666666666666664
338,female,group B,some high school,free/reduced,none,24,38,27,89,29.666666666666668
339,female,group D,some high school,free/reduced,completed,35,55,60,150,50.0
340,male,group C,high school,free/reduced,none,58,61,52,171,57.0
341,female,group C,high school,standard,none,61,73,63,197,65.66666666666667
342,female,group B,high school,standard,completed,69,76,74,219,73.0
343,male,group D,associate's degree,standard,completed,67,72,67,206,68.66666666666667
344,male,group D,some college,standard,none,79,73,67,219,73.0
345,female,group C,high school,standard,none,72,80,75,227,75.66666666666667
346,male,group B,some college,standard,none,62,61,57,180,60.0
347,female,group C,bachelor's degree,standard,completed,77,94,95,266,88.66666666666667
348,male,group D,high school,free/reduced,none,75,74,66,215,71.66666666666667
349,male,group E,associate's degree,standard,none,87,74,76,237,79.0
350,female,group B,bachelor's degree,standard,none,52,65,69,186,62.0
351,male,group E,some college,standard,none,66,57,52,175,58.333333333333336
352,female,group C,some college,standard,completed,63,78,80,221,73.66666666666667
353,female,group C,associate's degree,standard,none,46,58,57,161,53.666666666666664
354,female,group C,some college,standard,none,59,71,70,200,66.66666666666667
355,female,group B,bachelor's degree,standard,none,61,72,70,203,67.66666666666667
356,male,group A,associate's degree,standard,none,63,61,61,185,61.666666666666664
357,female,group C,some college,free/reduced,completed,42,66,69,177,59.0
358,male,group D,some college,free/reduced,none,59,62,61,182,60.666666666666664
359,female,group D,some college,standard,none,80,90,89,259,86.33333333333333
360,female,group B,high school,standard,none,58,62,59,179,59.666666666666664
361,male,group B,some high school,standard,completed,85,84,78,247,82.33333333333333
362,female,group C,some college,standard,none,52,58,58,168,56.0
363,female,group D,some high school,free/reduced,none,27,34,32,93,31.0
364,male,group C,some college,standard,none,59,60,58,177,59.0
365,male,group A,bachelor's degree,free/reduced,completed,49,58,60,167,55.666666666666664
366,male,group C,high school,standard,completed,69,58,53,180,60.0
367,male,group C,bachelor's degree,free/reduced,none,61,66,61,188,62.666666666666664
368,female,group A,some high school,free/reduced,none,44,64,58,166,55.333333333333336
369,female,group D,some high school,standard,none,73,84,85,242,80.66666666666667
370,male,group E,some college,standard,none,84,77,71,232,77.33333333333333
371,female,group C,some college,free/reduced,completed,45,73,70,188,62.666666666666664
372,male,group D,some high school,standard,none,74,74,72,220,73.33333333333333
373,female,group D,some college,standard,completed,82,97,96,275,91.66666666666667
374,female,group D,bachelor's degree,standard,none,59,70,73,202,67.33333333333333
375,male,group E,associate's degree,free/reduced,none,46,43,41,130,43.333333333333336
376,female,group D,some high school,standard,none,80,90,82,252,84.0
377,female,group D,master's degree,free/reduced,completed,85,95,100,280,93.33333333333333
378,female,group A,some high school,standard,none,71,83,77,231,77.0
379,male,group A,bachelor's degree,standard,none,66,64,62,192,64.0
380,female,group B,associate's degree,standard,none,80,86,83,249,83.0
381,male,group C,associate's degree,standard,completed,87,100,95,282,94.0
382,male,group C,master's degree,free/reduced,none,79,81,71,231,77.0
383,female,group E,some high school,free/reduced,none,38,49,45,132,44.0
384,female,group A,some high school,free/reduced,none,38,43,43,124,41.333333333333336
385,female,group E,some college,standard,none,67,76,75,218,72.66666666666667
386,female,group E,bachelor's degree,standard,none,64,73,70,207,69.0
387,female,group C,associate's degree,free/reduced,none,57,78,67,202,67.33333333333333
388,female,group D,high school,standard,none,62,64,64,190,63.333333333333336
389,male,group D,master's degree,standard,none,73,70,75,218,72.66666666666667
390,male,group E,some high school,free/reduced,completed,73,67,59,199,66.33333333333333
391,female,group D,some college,standard,none,77,68,77,222,74.0
392,male,group E,some college,standard,none,76,67,67,210,70.0
393,male,group C,associate's degree,standard,completed,57,54,56,167,55.666666666666664
394,female,group C,some high school,standard,completed,65,74,77,216,72.0
395,male,group A,high school,free/reduced,none,48,45,41,134,44.666666666666664
396,female,group B,high school,free/reduced,none,50,67,63,180,60.0
397,female,group C,associate's degree,standard,none,85,89,95,269,89.66666666666667
398,male,group B,some high school,standard,none,74,63,57,194,64.66666666666667
399,male,group D,some high school,standard,none,60,59,54,173,57.666666666666664
400,female,group C,some high school,standard,completed,59,54,67,180,60.0
401,male,group A,some college,standard,none,53,43,43,139,46.333333333333336
402,female,group A,some college,free/reduced,none,49,65,55,169,56.333333333333336
403,female,group D,high school,standard,completed,88,99,100,287,95.66666666666667
404,female,group C,high school,standard,none,54,59,62,175,58.333333333333336
405,female,group C,some high school,standard,none,63,73,68,204,68.0
406,male,group B,associate's degree,standard,completed,65,65,63,193,64.33333333333333
407,female,group B,associate's degree,standard,none,82,80,77,239,79.66666666666667
408,female,group D,high school,free/reduced,completed,52,57,56,165,55.0
409,male,group D,associate's degree,standard,completed,87,84,85,256,85.33333333333333
410,female,group D,master's degree,standard,completed,70,71,74,215,71.66666666666667
411,male,group E,some college,standard,completed,84,83,78,245,81.66666666666667
412,male,group D,associate's degree,standard,none,71,66,60,197,65.66666666666667
413,male,group B,some high school,standard,completed,63,67,67,197,65.66666666666667
414,female,group C,bachelor's degree,free/reduced,completed,51,72,79,202,67.33333333333333
415,male,group E,high school,standard,none,84,73,69,226,75.33333333333333
416,male,group C,bachelor's degree,standard,completed,71,74,68,213,71.0
417,male,group C,associate's degree,standard,none,74,73,67,214,71.33333333333333
418,male,group D,some college,standard,none,68,59,62,189,63.0
419,male,group E,high school,free/reduced,completed,57,56,54,167,55.666666666666664
420,female,group C,associate's degree,free/reduced,completed,82,93,93,268,89.33333333333333
421,female,group D,high school,standard,completed,57,58,64,179,59.666666666666664
422,female,group D,master's degree,free/reduced,completed,47,58,67,172,57.333333333333336
423,female,group A,some high school,standard,completed,59,85,80,224,74.66666666666667
424,male,group B,some college,free/reduced,none,41,39,34,114,38.0
425,female,group C,some college,free/reduced,none,62,67,62,191,63.666666666666664
426,male,group C,bachelor's degree,standard,none,86,83,86,255,85.0
427,male,group C,some high school,free/reduced,none,69,71,65,205,68.33333333333333
428,male,group A,some high school,free/reduced,none,65,59,53,177,59.0
429,male,group C,some high school,free/reduced,none,68,63,54,185,61.666666666666664
430,male,group C,associate's degree,free/reduced,none,64,66,59,189,63.0
431,female,group C,high school,standard,none,61,72,70,203,67.66666666666667
432,male,group C,high school,standard,none,61,56,55,172,57.333333333333336
433,female,group A,some high school,free/reduced,none,47,59,50,156,52.0
434,male,group C,some high school,standard,none,73,66,66,205,68.33333333333333
435,male,group C,some college,free/reduced,completed,50,48,53,151,50.333333333333336
436,male,group D,associate's degree,standard,none,75,68,64,207,69.0
437,male,group D,associate's degree,free/reduced,none,75,66,73,214,71.33333333333333
438,male,group C,high school,standard,none,70,56,51,177,59.0
439,male,group D,some high school,standard,completed,89,88,82,259,86.33333333333333
440,female,group C,some college,standard,completed,67,81,79,227,75.66666666666667
441,female,group D,high school,standard,none,78,81,80,239,79.66666666666667
442,female,group A,some high school,free/reduced,none,59,73,69,201,67.0
443,female,group B,associate's degree,standard,none,73,83,76,232,77.33333333333333
444,male,group A,some high school,free/reduced,none,79,82,73,234,78.0
445,female,group C,some high school,standard,completed,67,74,77,218,72.66666666666667
446,male,group D,some college,free/reduced,none,69,66,60,195,65.0
447,male,group C,high school,standard,completed,86,81,80,247,82.33333333333333
448,male,group B,high school,standard,none,47,46,42,135,45.0
449,male,group B,associate's degree,standard,none,81,73,72,226,75.33333333333333
450,female,group C,some college,free/reduced,completed,64,85,85,234,78.0
451,female,group E,some college,standard,none,100,92,97,289,96.33333333333333
452,female,group C,associate's degree,free/reduced,none,65,77,74,216,72.0
453,male,group C,some college,free/reduced,none,65,58,49,172,57.333333333333336
454,female,group C,associate's degree,free/reduced,none,53,61,62,176,58.666666666666664
455,male,group C,bachelor's degree,free/reduced,none,37,56,47,140,46.666666666666664
456,female,group D,bachelor's degree,standard,none,79,89,89,257,85.66666666666667
457,male,group D,associate's degree,free/reduced,none,53,54,48,155,51.666666666666664
458,female,group E,bachelor's degree,standard,none,100,100,100,300,100.0
459,male,group B,high school,standard,completed,72,65,68,205,68.33333333333333
460,male,group C,bachelor's degree,free/reduced,none,53,58,55,166,55.333333333333336
461,male,group B,some college,free/reduced,none,54,54,45,153,51.0
462,female,group E,some college,standard,none,71,70,76,217,72.33333333333333
463,female,group C,some college,free/reduced,none,77,90,91,258,86.0
464,male,group A,bachelor's degree,standard,completed,75,58,62,195,65.0
465,female,group C,some college,standard,none,84,87,91,262,87.33333333333333
466,female,group D,associate's degree,free/reduced,none,26,31,38,95,31.666666666666668
467,male,group A,high school,free/reduced,completed,72,67,65,204,68.0
468,female,group A,high school,free/reduced,completed,77,88,85,250,83.33333333333333
469,male,group C,some college,standard,none,91,74,76,241,80.33333333333333
470,female,group C,associate's degree,standard,completed,83,85,90,258,86.0
471,female,group C,high school,standard,none,63,69,74,206,68.66666666666667
472,female,group C,associate's degree,standard,completed,68,86,84,238,79.33333333333333
473,female,group D,some high school,standard,none,59,67,61,187,62.333333333333336
474,female,group B,associate's degree,standard,completed,90,90,91,271,90.33333333333333
475,female,group D,bachelor's degree,standard,completed,71,76,83,230,76.66666666666667
476,male,group E,bachelor's degree,standard,completed,76,62,66,204,68.0
477,male,group D,associate's degree,standard,none,80,68,72,220,73.33333333333333
478,female,group D,master's degree,standard,none,55,64,70,189,63.0
479,male,group E,associate's degree,standard,none,76,71,67,214,71.33333333333333
480,male,group B,high school,standard,completed,73,71,68,212,70.66666666666667
481,female,group D,associate's degree,free/reduced,none,52,59,56,167,55.666666666666664
482,male,group C,some college,free/reduced,none,68,68,61,197,65.66666666666667
483,male,group A,high school,standard,none,59,52,46,157,52.333333333333336
484,female,group B,associate's degree,standard,none,49,52,54,155,51.666666666666664
485,male,group C,high school,standard,none,70,74,71,215,71.66666666666667
486,male,group D,some college,free/reduced,none,61,47,56,164,54.666666666666664
487,female,group C,associate's degree,free/reduced,none,60,75,74,209,69.66666666666667
488,male,group B,some high school,standard,completed,64,53,57,174,58.0
489,male,group A,associate's degree,free/reduced,completed,79,82,82,243,81.0
490,female,group A,associate's degree,free/reduced,none,65,85,76,226,75.33333333333333
491,female,group C,associate's degree,standard,none,64,64,70,198,66.0
492,female,group C,some college,standard,none,83,83,90,256,85.33333333333333
493,female,group C,bachelor's degree,standard,none,81,88,90,259,86.33333333333333
494,female,group B,high school,standard,none,54,64,68,186,62.0
495,male,group D,high school,standard,completed,68,64,66,198,66.0
496,female,group C,some college,standard,none,54,48,52,154,51.333333333333336
497,female,group D,some college,free/reduced,completed,59,78,76,213,71.0
498,female,group B,some high school,standard,none,66,69,68,203,67.66666666666667
499,male,group E,some college,standard,none,76,71,72,219,73.0
500,female,group D,master's degree,standard,none,74,79,82,235,78.33333333333333
501,female,group B,associate's degree,standard,completed,94,87,92,273,91.0
502,male,group C,some college,free/reduced,none,63,61,54,178,59.333333333333336
503,female,group E,associate's degree,standard,completed,95,89,92,276,92.0
504,female,group D,master's degree,free/reduced,none,40,59,54,153,51.0
505,female,group B,some high school,standard,none,82,82,80,244,81.33333333333333
506,male,group A,high school,standard,none,68,70,66,204,68.0
507,male,group B,bachelor's degree,free/reduced,none,55,59,54,168,56.0
508,male,group C,master's degree,standard,none,79,78,77,234,78.0
509,female,group C,bachelor's degree,standard,none,86,92,87,265,88.33333333333333
510,male,group D,some college,standard,none,76,71,73,220,73.33333333333333
511,male,group A,some high school,standard,none,64,50,43,157,52.333333333333336
512,male,group D,some high school,free/reduced,none,62,49,52,163,54.333333333333336
513,female,group B,some high school,standard,completed,54,61,62,177,59.0
514,female,group B,master's degree,free/reduced,completed,77,97,94,268,89.33333333333333
515,female,group C,some high school,standard,completed,76,87,85,248,82.66666666666667
516,female,group D,some college,standard,none,74,89,84,247,82.33333333333333
517,female,group E,some college,standard,completed,66,74,73,213,71.0
518,female,group D,some high school,standard,completed,66,78,78,222,74.0
519,female,group B,high school,free/reduced,completed,67,78,79,224,74.66666666666667
520,male,group D,some college,standard,none,71,49,52,172,57.333333333333336
521,female,group C,associate's degree,standard,none,91,86,84,261,87.0
522,male,group D,bachelor's degree,standard,none,69,58,57,184,61.333333333333336
523,male,group C,master's degree,free/reduced,none,54,59,50,163,54.333333333333336
524,male,group C,high school,standard,completed,53,52,49,154,51.333333333333336
525,male,group E,some college,standard,none,68,60,59,187,62.333333333333336
526,male,group C,some high school,free/reduced,completed,56,61,60,177,59.0
527,female,group C,high school,free/reduced,none,36,53,43,132,44.0
528,female,group D,bachelor's degree,free/reduced,none,29,41,47,117,39.0
529,female,group C,associate's degree,standard,none,62,74,70,206,68.66666666666667
530,female,group C,associate's degree,standard,completed,68,67,73,208,69.33333333333333
531,female,group C,some high school,standard,none,47,54,53,154,51.333333333333336
532,male,group E,associate's degree,standard,completed,62,61,58,181,60.333333333333336
533,female,group E,associate's degree,standard,completed,79,88,94,261,87.0
534,male,group B,high school,standard,completed,73,69,68,210,70.0
535,female,group C,bachelor's degree,free/reduced,completed,66,83,83,232,77.33333333333333
536,male,group C,associate's degree,standard,completed,51,60,58,169,56.333333333333336
537,female,group D,high school,standard,none,51,66,62,179,59.666666666666664
538,male,group E,bachelor's degree,standard,completed,85,66,71,222,74.0
539,male,group A,associate's degree,standard,completed,97,92,86,275,91.66666666666667
540,male,group C,high school,standard,completed,75,69,68,212,70.66666666666667
541,male,group D,associate's degree,free/reduced,completed,79,82,80,241,80.33333333333333
542,female,group C,associate's degree,standard,none,81,77,79,237,79.0
543,female,group D,associate's degree,standard,none,82,95,89,266,88.66666666666667
544,female,group D,master's degree,standard,none,64,63,66,193,64.33333333333333
545,male,group E,some high school,free/reduced,completed,78,83,80,241,80.33333333333333
546,female,group A,some high school,standard,completed,92,100,97,289,96.33333333333333
547,male,group C,high school,standard,completed,72,67,64,203,67.66666666666667
548,female,group C,high school,free/reduced,none,62,67,64,193,64.33333333333333
549,male,group C,master's degree,standard,none,79,72,69,220,73.33333333333333
550,male,group C,some high school,free/reduced,none,79,76,65,220,73.33333333333333
551,male,group B,bachelor's degree,free/reduced,completed,87,90,88,265,88.33333333333333
552,female,group B,associate's degree,standard,none,40,48,50,138,46.0
553,male,group D,some college,free/reduced,none,77,62,64,203,67.66666666666667
554,male,group E,associate's degree,standard,none,53,45,40,138,46.0
555,female,group C,some college,free/reduced,none,32,39,33,104,34.666666666666664
556,female,group C,associate's degree,standard,completed,55,72,79,206,68.66666666666667
557,male,group C,master's degree,free/reduced,none,61,67,66,194,64.66666666666667
558,female,group B,associate's degree,free/reduced,none,53,70,70,193,64.33333333333333
559,male,group D,some high school,standard,none,73,66,62,201,67.0
560,female,group D,some college,standard,completed,74,75,79,228,76.0
561,female,group C,some college,standard,none,63,74,74,211,70.33333333333333
562,male,group C,bachelor's degree,standard,completed,96,90,92,278,92.66666666666667
563,female,group D,some college,free/reduced,completed,63,80,80,223,74.33333333333333
564,male,group B,bachelor's degree,free/reduced,none,48,51,46,145,48.333333333333336
565,male,group B,associate's degree,standard,none,48,43,45,136,45.333333333333336
566,female,group E,bachelor's degree,free/reduced,completed,92,100,100,292,97.33333333333333
567,female,group D,master's degree,free/reduced,completed,61,71,78,210,70.0
568,male,group B,high school,free/reduced,none,63,48,47,158,52.666666666666664
569,male,group D,bachelor's degree,free/reduced,none,68,68,67,203,67.66666666666667
570,male,group B,some college,standard,completed,71,75,70,216,72.0
571,male,group A,bachelor's degree,standard,none,91,96,92,279,93.0
572,female,group C,some college,standard,none,53,62,56,171,57.0
573,female,group C,high school,free/reduced,completed,50,66,64,180,60.0
574,female,group E,high school,standard,none,74,81,71,226,75.33333333333333
575,male,group A,associate's degree,free/reduced,completed,40,55,53,148,49.333333333333336
576,male,group A,some college,standard,completed,61,51,52,164,54.666666666666664
577,female,group B,high school,standard,none,81,91,89,261,87.0
578,female,group B,some college,free/reduced,completed,48,56,58,162,54.0
579,female,group D,master's degree,standard,none,53,61,68,182,60.666666666666664
580,female,group D,some high school,standard,none,81,97,96,274,91.33333333333333
581,female,group E,some high school,standard,none,77,79,80,236,78.66666666666667
582,female,group D,bachelor's degree,free/reduced,none,63,73,78,214,71.33333333333333
583,female,group D,associate's degree,standard,completed,73,75,80,228,76.0
584,female,group D,some college,standard,none,69,77,77,223,74.33333333333333
585,female,group C,associate's degree,standard,none,65,76,76,217,72.33333333333333
586,female,group A,high school,standard,none,55,73,73,201,67.0
587,female,group C,bachelor's degree,free/reduced,none,44,63,62,169,56.333333333333336
588,female,group C,some college,standard,none,54,64,65,183,61.0
589,female,group A,some high school,standard,none,48,66,65,179,59.666666666666664
590,male,group C,some college,free/reduced,none,58,57,54,169,56.333333333333336
591,male,group A,some high school,standard,none,71,62,50,183,61.0
592,male,group E,bachelor's degree,standard,none,68,68,64,200,66.66666666666667
593,female,group E,high school,standard,none,74,76,73,223,74.33333333333333
594,female,group C,bachelor's degree,standard,completed,92,100,99,291,97.0
595,female,group C,bachelor's degree,standard,completed,56,79,72,207,69.0
596,male,group B,high school,free/reduced,none,30,24,15,69,23.0
597,male,group A,some high school,standard,none,53,54,48,155,51.666666666666664
598,female,group D,high school,standard,none,69,77,73,219,73.0
599,female,group D,some high school,standard,none,65,82,81,228,76.0
600,female,group D,master's degree,standard,none,54,60,63,177,59.0
601,female,group C,high school,standard,none,29,29,30,88,29.333333333333332
602,female,group E,some college,standard,none,76,78,80,234,78.0
603,male,group D,high school,free/reduced,none,60,57,51,168,56.0
604,male,group D,master's degree,free/reduced,completed,84,89,90,263,87.66666666666667
605,male,group C,some high school,standard,none,75,72,62,209,69.66666666666667
606,female,group C,associate's degree,standard,none,85,84,82,251,83.66666666666667
607,female,group C,master's degree,free/reduced,none,40,58,54,152,50.666666666666664
608,female,group E,some college,standard,none,61,64,62,187,62.333333333333336
609,female,group B,associate's degree,standard,none,58,63,65,186,62.0
610,male,group D,some college,free/reduced,completed,69,60,63,192,64.0
611,female,group C,some college,standard,none,58,59,66,183,61.0
612,male,group C,bachelor's degree,standard,completed,94,90,91,275,91.66666666666667
613,female,group C,associate's degree,standard,none,65,77,74,216,72.0
614,female,group A,associate's degree,standard,none,82,93,93,268,89.33333333333333
615,female,group C,high school,standard,none,60,68,72,200,66.66666666666667
616,female,group E,bachelor's degree,standard,none,37,45,38,120,40.0
617,male,group D,bachelor's degree,standard,none,88,78,83,249,83.0
618,male,group D,master's degree,standard,none,95,81,84,260,86.66666666666667
619,male,group C,associate's degree,free/reduced,completed,65,73,68,206,68.66666666666667
620,female,group C,high school,free/reduced,none,35,61,54,150,50.0
621,male,group B,bachelor's degree,free/reduced,none,62,63,56,181,60.333333333333336
622,male,group C,high school,free/reduced,completed,58,51,52,161,53.666666666666664
623,male,group A,some college,standard,completed,100,96,86,282,94.0
624,female,group E,bachelor's degree,free/reduced,none,61,58,62,181,60.333333333333336
625,male,group D,some college,standard,completed,100,97,99,296,98.66666666666667
626,male,group B,associate's degree,free/reduced,completed,69,70,63,202,67.33333333333333
627,male,group D,associate's degree,standard,none,61,48,46,155,51.666666666666664
628,male,group D,some college,free/reduced,none,49,57,46,152,50.666666666666664
629,female,group C,some high school,standard,completed,44,51,55,150,50.0
630,male,group D,some college,standard,none,67,64,70,201,67.0
631,male,group B,high school,standard,none,79,60,65,204,68.0
632,female,group B,bachelor's degree,standard,completed,66,74,81,221,73.66666666666667
633,female,group C,high school,standard,none,75,88,85,248,82.66666666666667
634,male,group D,some high school,standard,none,84,84,80,248,82.66666666666667
635,male,group A,high school,standard,none,71,74,64,209,69.66666666666667
636,female,group B,high school,free/reduced,completed,67,80,81,228,76.0
637,female,group D,some high school,standard,completed,80,92,88,260,86.66666666666667
638,male,group E,some college,standard,none,86,76,74,236,78.66666666666667
639,female,group D,associate's degree,standard,none,76,74,73,223,74.33333333333333
640,male,group D,high school,standard,none,41,52,51,144,48.0
641,female,group D,associate's degree,free/reduced,completed,74,88,90,252,84.0
642,female,group B,some high school,free/reduced,none,72,81,79,232,77.33333333333333
643,female,group E,high school,standard,completed,74,79,80,233,77.66666666666667
644,male,group B,high school,standard,none,70,65,60,195,65.0
645,female,group B,bachelor's degree,standard,completed,65,81,81,227,75.66666666666667
646,female,group D,associate's degree,standard,none,59,70,65,194,64.66666666666667
647,female,group E,high school,free/reduced,none,64,62,68,194,64.66666666666667
648,female,group B,high school,standard,none,50,53,55,158,52.666666666666664
649,female,group D,some college,standard,completed,69,79,81,229,76.33333333333333
650,male,group C,some high school,free/reduced,completed,51,56,53,160,53.333333333333336
651,female,group A,high school,standard,completed,68,80,76,224,74.66666666666667
652,female,group D,some college,standard,completed,85,86,98,269,89.66666666666667
653,female,group A,associate's degree,standard,completed,65,70,74,209,69.66666666666667
654,female,group B,some high school,standard,none,73,79,79,231,77.0
655,female,group B,some college,standard,none,62,67,67,196,65.33333333333333
656,male,group C,associate's degree,free/reduced,none,77,67,64,208,69.33333333333333
657,male,group D,some high school,standard,none,69,66,61,196,65.33333333333333
658,female,group D,associate's degree,free/reduced,none,43,60,58,161,53.666666666666664
659,male,group D,associate's degree,standard,none,90,87,85,262,87.33333333333333
660,male,group C,some college,free/reduced,none,74,77,73,224,74.66666666666667
661,male,group C,some high school,standard,none,73,66,63,202,67.33333333333333
662,female,group D,some college,free/reduced,none,55,71,69,195,65.0
663,female,group C,high school,standard,none,65,69,67,201,67.0
664,male,group D,associate's degree,standard,none,80,63,63,206,68.66666666666667
665,female,group C,some high school,free/reduced,completed,50,60,60,170,56.666666666666664
666,female,group C,some college,free/reduced,completed,63,73,71,207,69.0
667,female,group B,bachelor's degree,free/reduced,none,77,85,87,249,83.0
668,male,group C,some college,standard,none,73,74,61,208,69.33333333333333
669,male,group D,associate's degree,standard,completed,81,72,77,230,76.66666666666667
670,female,group C,high school,free/reduced,none,66,76,68,210,70.0
671,male,group D,associate's degree,free/reduced,none,52,57,50,159,53.0
672,female,group C,some college,standard,none,69,78,76,223,74.33333333333333
673,female,group C,associate's degree,standard,completed,65,84,84,233,77.66666666666667
674,female,group D,high school,standard,completed,69,77,78,224,74.66666666666667
675,female,group B,some college,standard,completed,50,64,66,180,60.0
676,female,group E,some college,standard,completed,73,78,76,227,75.66666666666667
677,female,group C,some high school,standard,completed,70,82,76,228,76.0
678,male,group D,associate's degree,free/reduced,none,81,75,78,234,78.0
679,male,group D,some college,free/reduced,none,63,61,60,184,61.333333333333336
680,female,group D,high school,standard,none,67,72,74,213,71.0
681,male,group B,high school,standard,none,60,68,60,188,62.666666666666664
682,male,group B,high school,standard,none,62,55,54,171,57.0
683,female,group C,some high school,free/reduced,completed,29,40,44,113,37.666666666666664
684,male,group B,some college,standard,completed,62,66,68,196,65.33333333333333
685,female,group E,master's degree,standard,completed,94,99,100,293,97.66666666666667
686,male,group E,some college,standard,completed,85,75,68,228,76.0
687,male,group D,associate's degree,free/reduced,none,77,78,73,228,76.0
688,male,group A,high school,free/reduced,none,53,58,44,155,51.666666666666664
689,male,group E,some college,free/reduced,none,93,90,83,266,88.66666666666667
690,female,group C,associate's degree,standard,none,49,53,53,155,51.666666666666664
691,female,group E,associate's degree,free/reduced,none,73,76,78,227,75.66666666666667
692,female,group C,bachelor's degree,free/reduced,completed,66,74,81,221,73.66666666666667
693,female,group D,associate's degree,standard,none,77,77,73,227,75.66666666666667
694,female,group C,some high school,standard,none,49,63,56,168,56.0
695,female,group D,some college,free/reduced,none,79,89,86,254,84.66666666666667
696,female,group C,associate's degree,standard,completed,75,82,90,247,82.33333333333333
697,female,group A,bachelor's degree,standard,none,59,72,70,201,67.0
698,female,group D,associate's degree,standard,completed,57,78,79,214,71.33333333333333
699,male,group C,high school,free/reduced,none,66,66,59,191,63.666666666666664
700,female,group E,bachelor's degree,standard,completed,79,81,82,242,80.66666666666667
701,female,group B,some high school,standard,none,57,67,72,196,65.33333333333333
702,male,group A,bachelor's degree,standard,completed,87,84,87,258,86.0
703,female,group D,some college,standard,none,63,64,67,194,64.66666666666667
704,female,group B,some high school,free/reduced,completed,59,63,64,186,62.0
705,male,group A,bachelor's degree,free/reduced,none,62,72,65,199,66.33333333333333
706,male,group D,high school,standard,none,46,34,36,116,38.666666666666664
707,male,group C,some college,standard,none,66,59,52,177,59.0
708,male,group D,high school,standard,none,89,87,79,255,85.0
709,female,group D,associate's degree,free/reduced,completed,42,61,58,161,53.666666666666664
710,male,group C,some college,standard,completed,93,84,90,267,89.0
711,female,group E,some high school,standard,completed,80,85,85,250,83.33333333333333
712,female,group D,some college,standard,none,98,100,99,297,99.0
713,male,group D,master's degree,standard,none,81,81,84,246,82.0
714,female,group B,some high school,standard,completed,60,70,74,204,68.0
715,female,group B,associate's degree,free/reduced,completed,76,94,87,257,85.66666666666667
716,male,group C,associate's degree,standard,completed,73,78,72,223,74.33333333333333
717,female,group C,associate's degree,standard,completed,96,96,99,291,97.0
718,female,group C,high school,standard,none,76,76,74,226,75.33333333333333
719,male,group E,associate's degree,free/reduced,completed,91,73,80,244,81.33333333333333
720,female,group C,some college,free/reduced,none,62,72,70,204,68.0
721,male,group D,some high school,free/reduced,completed,55,59,59,173,57.666666666666664
722,female,group B,some high school,free/reduced,completed,74,90,88,252,84.0
723,male,group C,high school,standard,none,50,48,42,140,46.666666666666664
724,male,group B,some college,standard,none,47,43,41,131,43.666666666666664
725,male,group E,some college,standard,completed,81,74,71,226,75.33333333333333
726,female,group E,associate's degree,standard,completed,65,75,77,217,72.33333333333333
727,male,group E,some high school,standard,completed,68,51,57,176,58.666666666666664
728,female,group D,high school,free/reduced,none,73,92,84,249,83.0
729,male,group C,some college,standard,none,53,39,37,129,43.0
730,female,group B,associate's degree,free/reduced,completed,68,77,80,225,75.0
731,male,group A,some high school,free/reduced,none,55,46,43,144,48.0
732,female,group C,some college,standard,completed,87,89,94,270,90.0
733,male,group D,some high school,standard,none,55,47,44,146,48.666666666666664
734,female,group E,some college,free/reduced,none,53,58,57,168,56.0
735,male,group C,master's degree,standard,none,67,57,59,183,61.0
736,male,group C,associate's degree,standard,none,92,79,84,255,85.0
737,female,group B,some college,free/reduced,completed,53,66,73,192,64.0
738,male,group D,associate's degree,standard,none,81,71,73,225,75.0
739,male,group C,high school,free/reduced,none,61,60,55,176,58.666666666666664
740,male,group D,bachelor's degree,standard,none,80,73,72,225,75.0
741,female,group A,associate's degree,free/reduced,none,37,57,56,150,50.0
742,female,group C,high school,standard,none,81,84,82,247,82.33333333333333
743,female,group C,associate's degree,standard,completed,59,73,72,204,68.0
744,male,group B,some college,free/reduced,none,55,55,47,157,52.333333333333336
745,male,group D,associate's degree,standard,none,72,79,74,225,75.0
746,male,group D,high school,standard,none,69,75,71,215,71.66666666666667
747,male,group C,some college,standard,none,69,64,68,201,67.0
748,female,group C,bachelor's degree,free/reduced,none,50,60,59,169,56.333333333333336
749,male,group B,some college,standard,completed,87,84,86,257,85.66666666666667
750,male,group D,some high school,standard,completed,71,69,68,208,69.33333333333333
751,male,group E,some college,standard,none,68,72,65,205,68.33333333333333
752,male,group C,master's degree,free/reduced,completed,79,77,75,231,77.0
753,female,group C,some high school,standard,completed,77,90,85,252,84.0
754,male,group C,associate's degree,free/reduced,none,58,55,53,166,55.333333333333336
755,female,group E,associate's degree,standard,none,84,95,92,271,90.33333333333333
756,male,group D,some college,standard,none,55,58,52,165,55.0
757,male,group E,bachelor's degree,free/reduced,completed,70,68,72,210,70.0
758,female,group D,some college,free/reduced,completed,52,59,65,176,58.666666666666664
759,male,group B,some college,standard,completed,69,77,77,223,74.33333333333333
760,female,group C,high school,free/reduced,none,53,72,64,189,63.0
761,female,group D,some high school,standard,none,48,58,54,160,53.333333333333336
762,male,group D,some high school,standard,completed,78,81,86,245,81.66666666666667
763,female,group B,high school,standard,none,62,62,63,187,62.333333333333336
764,male,group D,some college,standard,none,60,63,59,182,60.666666666666664
765,female,group B,high school,standard,none,74,72,72,218,72.66666666666667
766,female,group C,high school,standard,completed,58,75,77,210,70.0
767,male,group B,high school,standard,completed,76,62,60,198,66.0
768,female,group D,some high school,standard,none,68,71,75,214,71.33333333333333
769,male,group A,some college,free/reduced,none,58,60,57,175,58.333333333333336
770,male,group B,high school,standard,none,52,48,49,149,49.666666666666664
771,male,group D,bachelor's degree,standard,none,75,73,74,222,74.0
772,female,group B,some high school,free/reduced,completed,52,67,72,191,63.666666666666664
773,female,group C,bachelor's degree,free/reduced,none,62,78,79,219,73.0
774,male,group B,some college,standard,none,66,65,60,191,63.666666666666664
775,female,group B,some high school,free/reduced,none,49,58,55,162,54.0
776,female,group B,high school,standard,none,66,72,70,208,69.33333333333333
777,female,group C,some college,free/reduced,none,35,44,43,122,40.666666666666664
778,female,group A,some college,standard,completed,72,79,82,233,77.66666666666667
779,male,group E,associate's degree,standard,completed,94,85,82,261,87.0
780,female,group D,associate's degree,free/reduced,none,46,56,57,159,53.0
781,female,group B,master's degree,standard,none,77,90,84,251,83.66666666666667
782,female,group B,high school,free/reduced,completed,76,85,82,243,81.0
783,female,group C,associate's degree,standard,completed,52,59,62,173,57.666666666666664
784,male,group C,bachelor's degree,standard,completed,91,81,79,251,83.66666666666667
785,female,group B,some high school,standard,completed,32,51,44,127,42.333333333333336
786,female,group E,some high school,free/reduced,none,72,79,77,228,76.0
787,female,group B,some college,standard,none,19,38,32,89,29.666666666666668
788,male,group C,associate's degree,free/reduced,none,68,65,61,194,64.66666666666667
789,female,group C,master's degree,free/reduced,none,52,65,61,178,59.333333333333336
790,female,group B,high school,standard,none,48,62,60,170,56.666666666666664
791,female,group D,some college,free/reduced,none,60,66,70,196,65.33333333333333
792,male,group D,high school,free/reduced,none,66,74,69,209,69.66666666666667
793,male,group E,some high school,standard,completed,89,84,77,250,83.33333333333333
794,female,group B,high school,standard,none,42,52,51,145,48.333333333333336
795,female,group E,associate's degree,free/reduced,completed,57,68,73,198,66.0
796,male,group D,high school,standard,none,70,70,70,210,70.0
797,female,group E,associate's degree,free/reduced,none,70,84,81,235,78.33333333333333
798,male,group E,some college,standard,none,69,60,54,183,61.0
799,female,group C,associate's degree,standard,none,52,55,57,164,54.666666666666664
800,male,group C,some high school,standard,completed,67,73,68,208,69.33333333333333
801,male,group C,some high school,standard,completed,76,80,73,229,76.33333333333333
802,female,group E,associate's degree,standard,none,87,94,95,276,92.0
803,female,group B,some college,standard,none,82,85,87,254,84.66666666666667
804,female,group C,some college,standard,none,73,76,78,227,75.66666666666667
805,male,group A,some college,free/reduced,none,75,81,74,230,76.66666666666667
806,female,group D,some college,free/reduced,none,64,74,75,213,71.0
807,female,group E,high school,free/reduced,none,41,45,40,126,42.0
808,male,group C,high school,standard,none,90,75,69,234,78.0
809,male,group B,bachelor's degree,standard,none,59,54,51,164,54.666666666666664
810,male,group A,some high school,standard,none,51,31,36,118,39.333333333333336
811,male,group A,high school,free/reduced,none,45,47,49,141,47.0
812,female,group C,master's degree,standard,completed,54,64,67,185,61.666666666666664
813,male,group E,some high school,standard,completed,87,84,76,247,82.33333333333333
814,female,group C,high school,standard,none,72,80,83,235,78.33333333333333
815,male,group B,some high school,standard,completed,94,86,87,267,89.0
816,female,group A,bachelor's degree,standard,none,45,59,64,168,56.0
817,male,group D,bachelor's degree,free/reduced,completed,61,70,76,207,69.0
818,female,group B,high school,free/reduced,none,60,72,68,200,66.66666666666667
819,female,group C,some high school,standard,none,77,91,88,256,85.33333333333333
820,female,group A,some high school,standard,completed,85,90,92,267,89.0
821,female,group D,bachelor's degree,free/reduced,none,78,90,93,261,87.0
822,male,group E,some college,free/reduced,completed,49,52,51,152,50.666666666666664
823,female,group B,high school,free/reduced,none,71,87,82,240,80.0
824,female,group C,some high school,free/reduced,none,48,58,52,158,52.666666666666664
825,male,group C,high school,standard,none,62,67,58,187,62.333333333333336
826,female,group C,associate's degree,free/reduced,completed,56,68,70,194,64.66666666666667
827,female,group C,some high school,standard,none,65,69,76,210,70.0
828,female,group D,some high school,free/reduced,completed,69,86,81,236,78.66666666666667
829,male,group B,some high school,standard,none,68,54,53,175,58.333333333333336
830,female,group A,some college,free/reduced,none,61,60,57,178,59.333333333333336
831,female,group C,bachelor's degree,free/reduced,completed,74,86,89,249,83.0
832,male,group A,bachelor's degree,standard,none,64,60,58,182,60.666666666666664
833,female,group B,high school,standard,completed,77,82,89,248,82.66666666666667
834,male,group B,some college,standard,none,58,50,45,153,51.0
835,female,group C,high school,standard,completed,60,64,74,198,66.0
836,male,group E,high school,standard,none,73,64,57,194,64.66666666666667
837,female,group A,high school,standard,completed,75,82,79,236,78.66666666666667
838,male,group B,associate's degree,free/reduced,completed,58,57,53,168,56.0
839,female,group C,associate's degree,standard,none,66,77,73,216,72.0
840,female,group D,high school,free/reduced,none,39,52,46,137,45.666666666666664
841,male,group C,some high school,standard,none,64,58,51,173,57.666666666666664
842,female,group B,high school,free/reduced,completed,23,44,36,103,34.333333333333336
843,male,group B,some college,free/reduced,completed,74,77,76,227,75.66666666666667
844,female,group D,some high school,free/reduced,completed,40,65,64,169,56.333333333333336
845,male,group E,master's degree,standard,none,90,85,84,259,86.33333333333333
846,male,group C,master's degree,standard,completed,91,85,85,261,87.0
847,male,group D,high school,standard,none,64,54,50,168,56.0
848,female,group C,high school,standard,none,59,72,68,199,66.33333333333333
849,male,group D,associate's degree,standard,none,80,75,69,224,74.66666666666667
850,male,group C,master's degree,standard,none,71,67,67,205,68.33333333333333
851,female,group A,high school,standard,none,61,68,63,192,64.0
852,female,group E,some college,standard,none,87,85,93,265,88.33333333333333
853,male,group E,some high school,standard,none,82,67,61,210,70.0
854,male,group C,some high school,standard,none,62,64,55,181,60.333333333333336
855,female,group B,bachelor's degree,standard,none,97,97,96,290,96.66666666666667
856,male,group B,some college,free/reduced,none,75,68,65,208,69.33333333333333
857,female,group C,bachelor's degree,standard,none,65,79,81,225,75.0
858,male,group B,high school,standard,completed,52,49,46,147,49.0
859,male,group C,associate's degree,free/reduced,none,87,73,72,232,77.33333333333333
860,female,group C,associate's degree,standard,none,53,62,53,168,56.0
861,female,group E,master's degree,free/reduced,none,81,86,87,254,84.66666666666667
862,male,group D,bachelor's degree,free/reduced,completed,39,42,38,119,39.666666666666664
863,female,group C,some college,standard,completed,71,71,80,222,74.0
864,male,group C,associate's degree,standard,none,97,93,91,281,93.66666666666667
865,male,group D,some college,standard,completed,82,82,88,252,84.0
866,male,group C,high school,free/reduced,none,59,53,52,164,54.666666666666664
867,male,group B,associate's degree,standard,none,61,42,41,144,48.0
868,male,group E,associate's degree,free/reduced,completed,78,74,72,224,74.66666666666667
869,male,group C,associate's degree,free/reduced,none,49,51,51,151,50.333333333333336
870,male,group B,high school,standard,none,59,58,47,164,54.666666666666664
871,female,group C,some college,standard,completed,70,72,76,218,72.66666666666667
872,male,group B,associate's degree,standard,completed,82,84,78,244,81.33333333333333
873,male,group E,associate's degree,free/reduced,none,90,90,82,262,87.33333333333333
874,female,group C,bachelor's degree,free/reduced,none,43,62,61,166,55.333333333333336
875,male,group C,some college,free/reduced,none,80,64,66,210,70.0
876,male,group D,some college,standard,none,81,82,84,247,82.33333333333333
877,male,group C,some high school,standard,none,57,61,54,172,57.333333333333336
878,female,group D,some high school,standard,none,59,72,80,211,70.33333333333333
879,female,group D,associate's degree,standard,none,64,76,74,214,71.33333333333333
880,male,group C,bachelor's degree,standard,completed,63,64,66,193,64.33333333333333
881,female,group E,bachelor's degree,standard,completed,71,70,70,211,70.33333333333333
882,female,group B,high school,free/reduced,none,64,73,71,208,69.33333333333333
883,male,group D,bachelor's degree,free/reduced,none,55,46,44,145,48.333333333333336
884,female,group E,associate's degree,standard,none,51,51,54,156,52.0
885,female,group C,associate's degree,standard,completed,62,76,80,218,72.66666666666667
886,female,group E,associate's degree,standard,completed,93,100,95,288,96.0
887,male,group C,high school,free/reduced,none,54,72,59,185,61.666666666666664
888,female,group D,some college,free/reduced,none,69,65,74,208,69.33333333333333
889,male,group D,high school,free/reduced,none,44,51,48,143,47.666666666666664
890,female,group E,some college,standard,completed,86,85,91,262,87.33333333333333
891,female,group E,associate's degree,standard,none,85,92,85,262,87.33333333333333
892,female,group A,master's degree,free/reduced,none,50,67,73,190,63.333333333333336
893,male,group D,some high school,standard,completed,88,74,75,237,79.0
894,female,group E,associate's degree,standard,none,59,62,69,190,63.333333333333336
895,female,group E,some high school,free/reduced,none,32,34,38,104,34.666666666666664
896,male,group B,high school,free/reduced,none,36,29,27,92,30.666666666666668
897,female,group B,some high school,free/reduced,completed,63,78,79,220,73.33333333333333
898,male,group D,associate's degree,standard,completed,67,54,63,184,61.333333333333336
899,female,group D,some high school,standard,completed,65,78,82,225,75.0
900,male,group D,master's degree,standard,none,85,84,89,258,86.0
901,female,group C,master's degree,standard,none,73,78,74,225,75.0
902,female,group A,high school,free/reduced,completed,34,48,41,123,41.0
903,female,group D,bachelor's degree,free/reduced,completed,93,100,100,293,97.66666666666667
904,female,group D,some high school,free/reduced,none,67,84,84,235,78.33333333333333
905,male,group D,some college,standard,none,88,77,77,242,80.66666666666667
906,male,group B,high school,standard,none,57,48,51,156,52.0
907,female,group D,some college,standard,completed,79,84,91,254,84.66666666666667
908,female,group C,bachelor's degree,free/reduced,none,67,75,72,214,71.33333333333333
909,male,group E,bachelor's degree,standard,completed,70,64,70,204,68.0
910,male,group D,bachelor's degree,free/reduced,none,50,42,48,140,46.666666666666664
911,female,group A,some college,standard,none,69,84,82,235,78.33333333333333
912,female,group C,bachelor's degree,standard,completed,52,61,66,179,59.666666666666664
913,female,group C,bachelor's degree,free/reduced,completed,47,62,66,175,58.333333333333336
914,female,group B,associate's degree,free/reduced,none,46,61,55,162,54.0
915,female,group E,some college,standard,none,68,70,66,204,68.0
916,male,group E,bachelor's degree,standard,completed,100,100,100,300,100.0
917,female,group C,high school,standard,none,44,61,52,157,52.333333333333336
918,female,group C,associate's degree,standard,completed,57,77,80,214,71.33333333333333
919,male,group B,some college,standard,completed,91,96,91,278,92.66666666666667
920,male,group D,high school,free/reduced,none,69,70,67,206,68.66666666666667
921,female,group C,high school,free/reduced,none,35,53,46,134,44.666666666666664
922,male,group D,high school,standard,none,72,66,66,204,68.0
923,female,group B,associate's degree,free/reduced,none,54,65,65,184,61.333333333333336
924,male,group D,high school,free/reduced,none,74,70,69,213,71.0
925,male,group E,some high school,standard,completed,74,64,60,198,66.0
926,male,group E,associate's degree,free/reduced,none,64,56,52,172,57.333333333333336
927,female,group D,high school,free/reduced,completed,65,61,71,197,65.66666666666667
928,male,group E,associate's degree,free/reduced,completed,46,43,44,133,44.333333333333336
929,female,group C,some high school,free/reduced,none,48,56,51,155,51.666666666666664
930,male,group C,some college,free/reduced,completed,67,74,70,211,70.33333333333333
931,male,group D,some college,free/reduced,none,62,57,62,181,60.333333333333336
932,male,group D,associate's degree,free/reduced,completed,61,71,73,205,68.33333333333333
933,male,group C,bachelor's degree,free/reduced,completed,70,75,74,219,73.0
934,male,group C,associate's degree,standard,completed,98,87,90,275,91.66666666666667
935,male,group D,some college,free/reduced,none,70,63,58,191,63.666666666666664
936,male,group A,associate's degree,standard,none,67,57,53,177,59.0
937,female,group E,high school,free/reduced,none,57,58,57,172,57.333333333333336
938,male,group D,some college,standard,completed,85,81,85,251,83.66666666666667
939,male,group D,some high school,standard,completed,77,68,69,214,71.33333333333333
940,male,group C,master's degree,free/reduced,completed,72,66,72,210,70.0
941,female,group D,master's degree,standard,none,78,91,96,265,88.33333333333333
942,male,group C,high school,standard,none,81,66,64,211,70.33333333333333
943,male,group A,some high school,free/reduced,completed,61,62,61,184,61.333333333333336
944,female,group B,high school,standard,none,58,68,61,187,62.333333333333336
945,female,group C,associate's degree,standard,none,54,61,58,173,57.666666666666664
946,male,group B,high school,standard,none,82,82,80,244,81.33333333333333
947,female,group D,some college,free/reduced,none,49,58,60,167,55.666666666666664
948,male,group B,some high school,free/reduced,completed,49,50,52,151,50.333333333333336
949,female,group E,high school,free/reduced,completed,57,75,73,205,68.33333333333333
950,male,group E,high school,standard,none,94,73,71,238,79.33333333333333
951,female,group D,some college,standard,completed,75,77,83,235,78.33333333333333
952,female,group E,some high school,free/reduced,none,74,74,72,220,73.33333333333333
953,male,group C,high school,standard,completed,58,52,54,164,54.666666666666664
954,female,group C,some college,standard,none,62,69,69,200,66.66666666666667
955,male,group E,associate's degree,standard,none,72,57,62,191,63.666666666666664
956,male,group C,some college,standard,none,84,87,81,252,84.0
957,female,group D,master's degree,standard,none,92,100,100,292,97.33333333333333
958,female,group D,high school,standard,none,45,63,59,167,55.666666666666664
959,male,group C,high school,standard,none,75,81,71,227,75.66666666666667
960,female,group A,some college,standard,none,56,58,64,178,59.333333333333336
961,female,group D,some high school,free/reduced,none,48,54,53,155,51.666666666666664
962,female,group E,associate's degree,standard,none,100,100,100,300,100.0
963,female,group C,some high school,free/reduced,completed,65,76,75,216,72.0
964,male,group D,some college,standard,none,72,57,58,187,62.333333333333336
965,female,group D,some college,standard,none,62,70,72,204,68.0
966,male,group A,some high school,standard,completed,66,68,64,198,66.0
967,male,group C,some college,standard,none,63,63,60,186,62.0
968,female,group E,associate's degree,standard,none,68,76,67,211,70.33333333333333
969,female,group B,bachelor's degree,standard,none,75,84,80,239,79.66666666666667
970,female,group D,bachelor's degree,standard,none,89,100,100,289,96.33333333333333
971,male,group C,some high school,standard,completed,78,72,69,219,73.0
972,female,group A,high school,free/reduced,completed,53,50,60,163,54.333333333333336
973,female,group D,some college,free/reduced,none,49,65,61,175,58.333333333333336
974,female,group A,some college,standard,none,54,63,67,184,61.333333333333336
975,female,group C,some college,standard,completed,64,82,77,223,74.33333333333333
976,male,group B,some college,free/reduced,completed,60,62,60,182,60.666666666666664
977,male,group C,associate's degree,standard,none,62,65,58,185,61.666666666666664
978,male,group D,high school,standard,completed,55,41,48,144,48.0
979,female,group C,associate's degree,standard,none,91,95,94,280,93.33333333333333
980,female,group B,high school,free/reduced,none,8,24,23,55,18.333333333333332
981,male,group D,some high school,standard,none,81,78,78,237,79.0
982,male,group B,some high school,standard,completed,79,85,86,250,83.33333333333333
983,female,group A,some college,standard,completed,78,87,91,256,85.33333333333333
984,female,group C,some high school,standard,none,74,75,82,231,77.0
985,male,group A,high school,standard,none,57,51,54,162,54.0
986,female,group C,associate's degree,standard,none,40,59,51,150,50.0
987,male,group E,some high school,standard,completed,81,75,76,232,77.33333333333333
988,female,group A,some high school,free/reduced,none,44,45,45,134,44.666666666666664
989,female,group D,some college,free/reduced,completed,67,86,83,236,78.66666666666667
990,male,group E,high school,free/reduced,completed,86,81,75,242,80.66666666666667
991,female,group B,some high school,standard,completed,65,82,78,225,75.0
992,female,group D,associate's degree,free/reduced,none,55,76,76,207,69.0
993,female,group D,bachelor's degree,free/reduced,none,62,72,74,208,69.33333333333333
994,male,group A,high school,standard,none,63,63,62,188,62.666666666666664
995,female,group E,master's degree,standard,completed,88,99,95,282,94.0
996,male,group C,high school,free/reduced,none,62,55,55,172,57.333333333333336
997,female,group C,high school,free/reduced,completed,59,71,65,195,65.0
998,female,group D,some college,standard,completed,68,78,77,223,74.33333333333333
999,female,group D,some college,free/reduced,none,77,86,86,249,83.0
